player names string,878,341
player names string,1502,2943
player names string,2292,3024
player names string,2122,44
player names string,291,176
player names string,1761,3025
player names string,1389,1440
player names string,2209,876
player names string,1188,3585
player names string,1782,3559
three player names string,1087,2683,2684
player names string,2555,277
player names string,3173,111
player names string,293,2876
player names string,2370,145
player names string,295,1132
player names string,2795,2866
player names string,3193,3141
player names string,3255,3253
player names string,2864,2582
player names string,926,3598
player names string,3635,3635
player names string,2895,3261
player names string,2852,2125
player names string,2627,2812
player names string,3033,2794
player names string,2593,1990
player names string,3336,1131